[{"uuid":"fc0c6ed6-574a-35e3-a153-a9960bf0b74b","name":"RodrigoAyuso","lives":3,"team":{"id":-1,"lifeSetting":"SHARE","rewardSetting":"ALL","players":[{"uuid":"fc0c6ed6-574a-35e3-a153-a9960bf0b74b","owner":true,"bookOpen":true,"inTeam":true}],"reputations":[],"questDataList":[{"questId":"56547554-7afc-48ac-afb9-e937518ef7d0","questData":{"players":1,"rewards":[false],"completed":false,"claimed":false,"available":true,"time":0,"tasksSize":3,"tasks":[{"type":"ITEMS","completed":true,"count":1,"progress":[2]},{"type":"ITEMS","completed":false,"count":1,"progress":[0]},{"type":"ITEMS","completed":false,"count":1,"progress":[0]}]}},{"questId":"fbea59c4-fbd0-44cc-8283-ee47b0b2bac0","questData":{"players":1,"rewards":[false],"completed":false,"claimed":false,"available":true,"time":0,"tasksSize":2,"tasks":[{"type":"ITEMS","completed":false,"count":2,"progress":[0,0]},{"type":"ITEMS","completed":false,"count":1,"progress":[0]}]}},{"questId":"bdb4998f-999a-4cc0-9f37-32c1f20d26dc","questData":{"players":1,"rewards":[false],"completed":true,"claimed":false,"available":false,"time":48,"tasksSize":1,"tasks":[{"type":"ITEMS","completed":true,"count":1,"progress":[1]}]}},{"questId":"be6937ee-89b6-4ad6-83e2-6c3ad9557dec","questData":{"players":1,"rewards":[false],"completed":false,"claimed":false,"available":true,"time":0,"tasksSize":1,"tasks":[{"type":"ITEMS","completed":false,"count":1,"progress":[0]}]}},{"questId":"de514030-5097-478a-bb31-8cbb4f0469f5","questData":{"players":1,"rewards":[true],"completed":true,"claimed":false,"available":false,"time":103,"tasksSize":0,"tasks":[]}},{"questId":"157f859d-17b3-46f4-a198-cae87475a0e7","questData":{"players":1,"rewards":[false],"completed":false,"claimed":false,"available":true,"time":0,"tasksSize":2,"tasks":[{"type":"ITEMS","completed":false,"count":1,"progress":[0]},{"type":"ITEMS","completed":false,"count":1,"progress":[0]}]}},{"questId":"a27564cf-a20c-482b-a50a-b4eba363d3d7","questData":{"players":1,"rewards":[false],"completed":false,"claimed":false,"available":true,"time":0,"tasksSize":1,"tasks":[{"type":"ITEMS","completed":false,"count":2,"progress":[0,0]}]}},{"questId":"0df47678-ec21-4f20-8e48-18462b17dd58","questData":{"players":1,"rewards":[false],"completed":false,"claimed":false,"available":true,"time":0,"tasksSize":1,"tasks":[{"type":"ITEMS","completed":false,"count":1,"progress":[0]}]}},{"questId":"452a0b37-bfed-4573-bc07-8bcee4f50e70","questData":{"players":1,"rewards":[false],"completed":true,"claimed":false,"available":false,"time":48,"tasksSize":1,"tasks":[{"type":"ITEMS","completed":true,"count":1,"progress":[1]}]}},{"questId":"aadcf12e-d662-49e3-b71d-5e1f87f3bc91","questData":{"players":1,"rewards":[true],"completed":true,"claimed":false,"available":false,"time":103,"tasksSize":0,"tasks":[]}},{"questId":"92a0df59-084c-4486-899e-46c42642c2fe","questData":{"players":1,"rewards":[false],"completed":false,"claimed":false,"available":true,"time":0,"tasksSize":2,"tasks":[{"type":"MOB","completed":false,"count":1,"killed":[4]},{"type":"MOB","completed":false,"count":4,"killed":[0,0,0,0]}]}},{"questId":"af777c99-366b-402f-aa97-b409af808623","questData":{"players":1,"rewards":[false],"completed":false,"claimed":false,"available":true,"time":0,"tasksSize":1,"tasks":[{"type":"ITEMS","completed":false,"count":1,"progress":[0]}]}},{"questId":"15c4996a-fb01-4325-95dc-910362e46028","questData":{"players":1,"rewards":[false],"completed":false,"claimed":false,"available":true,"time":0,"tasksSize":1,"tasks":[{"type":"ITEMS","completed":false,"count":4,"progress":[0,0,0,0]}]}},{"questId":"61e2eafe-0b75-4461-abf0-3a91e1f1d145","questData":{"players":1,"rewards":[true],"completed":true,"claimed":false,"available":false,"time":103,"tasksSize":0,"tasks":[]}},{"questId":"f6146600-ab5b-4bb7-9b55-020351950be5","questData":{"players":1,"rewards":[false],"completed":false,"claimed":false,"available":true,"time":0,"tasksSize":1,"tasks":[{"type":"ITEMS","completed":false,"count":1,"progress":[0]}]}},{"questId":"ad38448c-69c7-44a0-92e0-f2184bd1299c","questData":{"players":1,"rewards":[false],"completed":false,"claimed":false,"available":true,"time":0,"tasksSize":2,"tasks":[{"type":"MOB","completed":false,"count":4,"killed":[0,0,0,0]},{"type":"MOB","completed":false,"count":1,"killed":[0]}]}},{"questId":"ae6a5bae-b1c5-4e94-9ecf-2f3869da7c9f","questData":{"players":1,"rewards":[false],"completed":false,"claimed":false,"available":true,"time":0,"tasksSize":1,"tasks":[{"type":"ITEMS","completed":false,"count":6,"progress":[0,0,0,0,0,0]}]}},{"questId":"fb86bbba-9ed2-4e3c-84ee-5c14afff607f","questData":{"players":1,"rewards":[false],"completed":false,"claimed":false,"available":true,"time":0,"tasksSize":1,"tasks":[{"type":"ITEMS","completed":false,"count":1,"progress":[0]}]}},{"questId":"4778ad8e-263d-4da7-b5f5-c2a756270a75","questData":{"players":1,"rewards":[false],"completed":false,"claimed":false,"available":true,"time":0,"tasksSize":1,"tasks":[{"type":"ITEMS","completed":false,"count":1,"progress":[0]}]}},{"questId":"d95336fd-4275-4498-8104-ef034667770e","questData":{"players":1,"rewards":[true],"completed":true,"claimed":false,"available":false,"time":103,"tasksSize":2,"tasks":[{"type":"LOCATION","completed":true,"count":1,"visited":[true]},{"type":"LOCATION","completed":true,"count":1,"visited":[true]}]}},{"questId":"0d772845-c7ff-42df-8500-b2e7c5039819","questData":{"players":1,"rewards":[false],"completed":false,"claimed":false,"available":true,"time":0,"tasksSize":3,"tasks":[{"type":"ITEMS","completed":false,"count":1,"progress":[0]},{"type":"ITEMS","completed":false,"count":1,"progress":[0]},{"type":"ITEMS","completed":false,"count":1,"progress":[0]}]}},{"questId":"004ecde2-0281-4ee0-832f-16fbb5de87b7","questData":{"players":1,"rewards":[false],"completed":true,"claimed":false,"available":false,"time":46,"tasksSize":1,"tasks":[{"type":"ITEMS","completed":true,"count":3,"progress":[1,1,1]}]}},{"questId":"e06b8006-b91b-4072-a16c-6d2c4aa0d355","questData":{"players":1,"rewards":[false],"completed":false,"claimed":false,"available":true,"time":0,"tasksSize":3,"tasks":[{"type":"ITEMS","completed":false,"count":2,"progress":[0,0]},{"type":"ITEMS","completed":false,"count":3,"progress":[0,0,0]},{"type":"ITEMS","completed":false,"count":2,"progress":[0,0]}]}},{"questId":"1452d644-a0bd-4084-a2dd-7b956fbe2f6a","questData":{"players":1,"rewards":[false],"completed":true,"claimed":false,"available":false,"time":3,"tasksSize":1,"tasks":[{"type":"ITEMS","completed":true,"count":1,"progress":[2]}]}},{"questId":"d8a7b0e5-018e-49f6-ad80-2f51b2fb7964","questData":{"players":1,"rewards":[false],"completed":false,"claimed":false,"available":true,"time":0,"tasksSize":1,"tasks":[{"type":"ITEMS","completed":false,"count":1,"progress":[0]}]}},{"questId":"c1a15e3a-f458-4991-ade9-cceaff661b82","questData":{"players":1,"rewards":[false],"completed":false,"claimed":false,"available":true,"time":0,"tasksSize":1,"tasks":[{"type":"ITEMS","completed":false,"count":2,"progress":[0,0]}]}},{"questId":"d4946583-3dab-41a7-84f7-2de8dfd87566","questData":{"players":1,"rewards":[false],"completed":true,"claimed":false,"available":false,"time":4,"tasksSize":1,"tasks":[{"type":"ITEMS","completed":true,"count":1,"progress":[1]}]}},{"questId":"b74e3e29-8c2c-40b1-ad39-4d33d95d7cd7","questData":{"players":1,"rewards":[false],"completed":false,"claimed":false,"available":true,"time":0,"tasksSize":1,"tasks":[{"type":"ITEMS","completed":false,"count":2,"progress":[0,0]}]}},{"questId":"fd1b01ad-ba82-4496-b5d8-583d432c6c91","questData":{"players":1,"rewards":[true],"completed":true,"claimed":false,"available":false,"time":103,"tasksSize":0,"tasks":[]}},{"questId":"7c3c9d1c-518b-436b-8f4a-c2e55c6beff8","questData":{"players":1,"rewards":[false],"completed":false,"claimed":false,"available":true,"time":0,"tasksSize":1,"tasks":[{"type":"ITEMS","completed":false,"count":2,"progress":[0,0]}]}},{"questId":"0347cc4b-8a7b-4ae1-ae01-e5157032d8cc","questData":{"players":1,"rewards":[false],"completed":false,"claimed":false,"available":true,"time":0,"tasksSize":1,"tasks":[{"type":"ITEMS","completed":false,"count":3,"progress":[0,0,0]}]}},{"questId":"349090f2-86b8-4c15-8e00-a7b299d8605a","questData":{"players":1,"rewards":[false],"completed":false,"claimed":false,"available":true,"time":0,"tasksSize":3,"tasks":[{"type":"ITEMS","completed":true,"count":4,"progress":[1,1,1,1]},{"type":"ITEMS","completed":false,"count":2,"progress":[0,0]},{"type":"ITEMS","completed":false,"count":0,"progress":[]}]}}],"invites":[]},"selectedQuest":"56547554-7afc-48ac-afb9-e937518ef7d0","playedLore":true,"receivedBook":false,"groupData":{},"deaths":{"fc0c6ed6-574a-35e3-a153-a9960bf0b74b":[0,0,0,0,0,0,0,0,0,1,1,0,0,0,0]}}]