{"name":"Basic Survival","description":"First up, setting up the very basics of survival. Food, shelter, water. Especially water.","quests":[{"uuid":"56547554-7afc-48ac-afb9-e937518ef7d0","name":"Desperate Times...","description":"You may have noticed the lack of food on this planet. Well, I have a temporary solution. You aren\u0027t going to like it much, but given the only alternative is starving to death...","x":252,"y":10,"icon":{"id":"harvestcraft:zombiejerkyitem"},"prerequisites":["1452d644-a0bd-4084-a2dd-7b956fbe2f6a"],"trigger":"ANTI_TRIGGER","tasks":[{"type":"DETECT","description":"Salt","longDescription":"You see all that dust around you? Well, I am reading high concentrations of salt. I\u0027m positive you can get useful amounts just by doing a little sifting. Sticking a salt water bottle in a furnace would also work, although it ruins the bottle.","items":[{"item":{"id":"harvestcraft:saltitem"},"required":2}]},{"type":"DETECT","description":"Rotten Flesh","longDescription":"This place seems to be infested by can only be called zombies. Go grab a few bits of rotten flesh from them for the next task.","items":[{"item":{"id":"minecraft:rotten_flesh"}}]},{"type":"CRAFT","description":"Desperate Measures","longDescription":"Ok, combine 1 rotten flesh with 2 salt and you have something that is edible. Barely. Well, it will keep you alive long enough to find something better at least.","items":[{"item":{"id":"harvestcraft:zombiejerkyitem"}}]}],"reward":[{"id":"harvestcraft:zombiejerkyitem","amount":4}],"commandrewards":[]},{"uuid":"fbea59c4-fbd0-44cc-8283-ee47b0b2bac0","name":"Hunger Games","description":"Well, things are looking a little less desperate. Maybe. Still, without a stable food supply you won\u0027t last long. You an use a watering can to help grow crops.","x":193,"y":104,"icon":{"id":"harvestcraft:riceitem"},"prerequisites":["349090f2-86b8-4c15-8e00-a7b299d8605a"],"trigger":"ANTI_TRIGGER","tasks":[{"type":"CONSUME","description":"Fields of Wheat","longDescription":"Rice seeds can be sifted from dirt and grown with bonemeal. Remember, you CANNOT till dirt into farmland if there is no water nearby.","items":[{"item":{"id":"harvestcraft:riceitem"},"required":10},{"item":{"id":"harvestcraft:riceseeditem"},"required":10}]},{"type":"DETECT","description":"More Seeds?","longDescription":"If you want more cariety in your crops than what sifting dirt can provide, you will need some grass. Right clicking a grass block with a mattock when you are more than 4 blocks away from water will give you seeds. It will also turn the grass back into dirt. Be careful to leave at least one grass block to allow the rest to regrow over time.","items":[{"item":{"id":"minecraft:dirt"},"required":9}]}],"reward":[{"id":"harvestcraft:toastitem","amount":10},{"id":"harvestcraft:orange_sapling"}],"rewardchoice":[{"id":"toughasnails:purified_water_bottle","amount":2},{"id":"harvestcraft:cottonseeditem"},{"id":"harvestcraft:coffeeseeditem"},{"id":"harvestcraft:teaseeditem"}],"commandrewards":[]},{"uuid":"be6937ee-89b6-4ad6-83e2-6c3ad9557dec","name":"Firing it up","description":"As hot as it is here, it isn\u0027t nearly hot enough to cook food. For that, you will need a furnace. Sieve dirt for stones, use the stones to make cobblestone, from that comes a slab furnace","x":224,"y":92,"icon":{"id":"minecraft:furnace"},"prerequisites":["349090f2-86b8-4c15-8e00-a7b299d8605a"],"trigger":"ANTI_TRIGGER","tasks":[{"type":"CRAFT","longDescription":"Six cobblestone is all you need.","items":[{"item":{"id":"minecraft:furnace"}}]}],"reward":[{"id":"minecraft:hopper"},{"id":"extrautils2:user"},{"id":"thermaldynamics:servo","amount":2}],"rewardchoice":[{"id":"toughasnails:purified_water_bottle","amount":2},{"id":"harvestcraft:cantaloupeseeditem"},{"id":"exnihiloomnia:ore_iron_dust","amount":8}],"commandrewards":[]},{"uuid":"bdb4998f-999a-4cc0-9f37-32c1f20d26dc","name":"Drinking Mud","description":"Water is scarce. In a pinch you can get water from dirt. One bottle and one dirt and there you go. It isn\u0027t very healthy, but if you don\u0027t have a choice...","x":119,"y":70,"icon":{"id":"minecraft:potion","nbt":"{Potion:\"minecraft:water\"}"},"prerequisites":["004ecde2-0281-4ee0-832f-16fbb5de87b7"],"tasks":[{"type":"CONSUME","description":"Drink what?","items":[{"item":{"id":"minecraft:potion","nbt":"{Potion:\"minecraft:water\"}"}}]}],"reward":[{"id":"minecraft:dirt"},{"id":"toughasnails:purified_water_bottle"}],"commandrewards":[]},{"uuid":"157f859d-17b3-46f4-a198-cae87475a0e7","name":"Stocking Eyes","description":"Ok, zombie jerky is bad, I know. Still, you\u0027re alive and that is what counts, right? Well, I have another recipe for you. I\u0027m afraid it isn\u0027t much better though. ","x":284,"y":43,"icon":{"id":"harvestcraft:spidereyesoupitem"},"prerequisites":["15c4996a-fb01-4325-95dc-910362e46028"],"tasks":[{"type":"CRAFT","description":"Bad to the Bone","longDescription":"You take 1 bone, gotten from those nasty bow weilding skeletons, combine that with a pot and a mixing bowl and you end up with 3 stock. Good as an emergency food but it also is an ingredient as well.","items":[{"item":{"id":"harvestcraft:stockitem"}}]},{"type":"CRAFT","description":"Eye Can\u0027t Believe This!","longDescription":"Ok, you have your stock. If you want to make it more nourishing, if not more appealing, drop it into a pot with a spider eye. Disgusting, yes but it will keep you fed. ","items":[{"item":{"id":"harvestcraft:spidereyesoupitem"}}]}],"reward":[{"id":"minecraft:spider_eye","amount":4}],"commandrewards":[]},{"uuid":"de514030-5097-478a-bb31-8cbb4f0469f5","name":"Log Entry","description":"Here we go again, another star system. Might be a little different this time, though. One of the planets appears to have a breathable atmosphere, although we aren\u0027t picking up any water or anything organic. Captain says we will have to land the shuttle to take a closer look. I might see if I can get on that mission. It has to be more exciting than staring at display screens all day. Then again, spending several hours on a hot, dry, lifeless dustball of planet doesn\u0027t sound much better. ","x":19,"y":45,"icon":{"id":"minecraft:paper"},"prerequisites":["d95336fd-4275-4498-8104-ef034667770e"],"trigger":"ANTI_TRIGGER","commandrewards":[]},{"uuid":"a27564cf-a20c-482b-a50a-b4eba363d3d7","name":"The End of the Beginning","description":"Well, you have done it. You now have a stable supply of both food and water. You have tools to shape the land around you and weapons and armor with which to defend yourself from attack. It is time to start looking beyond your immediate survival and start planning for the future.","x":134,"y":167,"icon":{"id":"minefactoryreloaded:plastic_sheet"},"prerequisites":["ae6a5bae-b1c5-4e94-9ecf-2f3869da7c9f"],"trigger":"ANTI_TRIGGER","tasks":[{"type":"DETECT","description":"The Next Step","longDescription":"Remember, plastic sheets can be made from either raw plastic or the plastic from Pneumaticcraft. ","items":[{"item":{"id":"minefactoryreloaded:plastic_sheet"}},{"item":{"id":"pneumaticcraft:printed_circuit_board"}}]}],"reward":[{"id":"exnihiloomnia:ore_iron_dust","amount":16}],"rewardchoice":[{"id":"minefactoryreloaded:rubber_wood_sapling"},{"id":"minecraft:redstone","amount":16}],"commandrewards":[]},{"uuid":"0df47678-ec21-4f20-8e48-18462b17dd58","name":"Sapping the Saplings","description":"I have found a way to get water. If you drop saplings in the Liquid Transposer you will get a little bit of water out of them, 1/10th a bucket. Remember, you can power the Transposers with the flux capacitors in your emergency supply chest. MAKE SURE YOU DO NOT USE UP ALL YOUR SAPLINGS!","x":86,"y":46,"icon":{"id":"minecraft:sapling","damage":2},"prerequisites":["1452d644-a0bd-4084-a2dd-7b956fbe2f6a","004ecde2-0281-4ee0-832f-16fbb5de87b7"],"trigger":"ANTI_TRIGGER","tasks":[{"type":"CONSUME_QDS","longDescription":"You MUST use the QDS to hand in this task. Click select task, place the QDS, and right click it with the quest book. Placing the QDS next to a Transposer with the output set to the approriate side will work.","items":[{"fluid":"purified_water","required":1000}]}],"reward":[{"id":"toughasnails:purified_water_bottle","amount":2}],"commandrewards":[]},{"uuid":"452a0b37-bfed-4573-bc07-8bcee4f50e70","name":"Purified","description":"Dirty water is useful in a pinch, but for long term survival you need a way to purify it. Fire will work nicely. Drop the dirty water bottle into a furnace, apply heat, get clean water. Science!","x":90,"y":87,"icon":{"id":"minecraft:potion","nbt":"{Potion:\"minecraft:water\"}"},"prerequisites":["bdb4998f-999a-4cc0-9f37-32c1f20d26dc"],"trigger":"ANTI_TRIGGER","tasks":[{"type":"CONSUME","items":[{"item":{"id":"toughasnails:purified_water_bottle"}}]}],"reward":[{"id":"toughasnails:purified_water_bottle"},{"id":"minecraft:glass_bottle","amount":4}],"commandrewards":[]},{"uuid":"aadcf12e-d662-49e3-b71d-5e1f87f3bc91","name":"Log Entry","description":"Crap. I think I\u0027m the only one left. I finally got my excitement and adventure and I don\u0027t want it. Also, I take back every negative thing I said about that hazard suit. It just saved my life thanks to it being a closed air system. The Wanderlust had just settled into orbit of the planet and I was stuck in engineering cleaning the reactor crawlways. Again. Just as I was about to wrap up there was a terrific bang and I was flung hard into a bulkhead. I was knocked out and when I came to my hazard suit showed that I was in hard vacuum. I made my way to out of the crawlways and the engineering display boards. Ship diagnostics show a major hull breach somewhere around the bridge which has led to complete venting of the ships atmosphere. Outside of me, I see no life signs anywhere on board. Fifty crew, dead in minutes. Damn. Now I have to figure out what to do so I don\u0027t join them.","x":19,"y":74,"icon":{"id":"minecraft:paper"},"prerequisites":["d95336fd-4275-4498-8104-ef034667770e"],"trigger":"ANTI_TRIGGER","commandrewards":[]},{"uuid":"92a0df59-084c-4486-899e-46c42642c2fe","name":"Making a Killing!","description":"Wow, impressive job clearing some of the monsters away from the shuttle. ","x":58,"y":14,"icon":{"id":"openblocks:trophy","nbt":"{entity_id:\"minecraft:enderman\"}"},"trigger":"TASK_TRIGGER","triggertasks":1,"tasks":[{"type":"KILL","description":"Dirty Deeds","longDescription":"No matter how many you kill, there always seems to be more.","mobs":[{"name":"Zombie","icon":{"id":"minecraft:spawn_egg","nbt":"{EntityTag:{id:\"minecraft:zombie\"}}"},"mob":"Zombie","kills":50,"exact":false}]},{"type":"KILL","description":"Done Dirt Cheap","longDescription":"Be careful with the SPAMR","mobs":[{"name":"Skeleton","icon":{"id":"minecraft:spawn_egg","nbt":"{EntityTag:{id:\"minecraft:skeleton\"}}"},"mob":"Skeleton","kills":40,"exact":false},{"name":"Spider","icon":{"id":"minecraft:spawn_egg","nbt":"{EntityTag:{id:\"minecraft:spider\"}}"},"mob":"Spider","kills":25,"exact":false},{"name":"Creeper","icon":{"id":"minecraft:spawn_egg","nbt":"{EntityTag:{id:\"minecraft:creeper\"}}"},"mob":"Creeper","kills":20,"exact":false},{"name":"Enderman","icon":{"id":"minecraft:spawn_egg","nbt":"{EntityTag:{id:\"minecraft:enderman\"}}"},"mob":"Enderman","kills":10,"exact":false}]}],"reward":[{"id":"minefactoryreloaded:rocket_launcher"},{"id":"minefactoryreloaded:rocket"}],"rewardchoice":[{"id":"thermalexpansion:frame"},{"id":"sync:item_placeholder"}],"commandrewards":[]},{"uuid":"af777c99-366b-402f-aa97-b409af808623","name":"Power Underwhelming","description":"Well, we are finally getting somewhere. However, before we can really progress we need a source of power. I think I\u0027ve found the perfect place to start. Those teleporting aliens leave behind these curious pearls that give off some strange energy. I think you could build a generator that uses those as fuel.","x":133,"y":129,"icon":{"id":"extrautils2:machine","nbt":"{Type:\"extrautils2:generator_ender\"}"},"prerequisites":["ad38448c-69c7-44a0-92e0-f2184bd1299c","a27564cf-a20c-482b-a50a-b4eba363d3d7"],"tasks":[{"type":"CRAFT","description":"Ender Power!","longDescription":"At a bit over 20 minutes per ender pearl this isn\u0027t a bad source of power. I\u0027m sure we can do better, however.","items":[{"item":{"id":"extrautils2:machine","nbt":"{Type:\"extrautils2:generator_ender\"}"}}]}],"reward":[{"id":"minecraft:ender_pearl","amount":2},{"id":"thermaldynamics:duct_0","damage":1,"amount":6}],"commandrewards":[]},{"uuid":"15c4996a-fb01-4325-95dc-910362e46028","name":"Cooking Utensils","description":"Right, this is simple. If you don\u0027t want to be stuck eating bits of monsters and wriggling things off of trees you must make some kitchen utensils.","x":252,"y":42,"icon":{"id":"harvestcraft:mixingbowlitem"},"prerequisites":["56547554-7afc-48ac-afb9-e937518ef7d0"],"trigger":"ANTI_TRIGGER","tasks":[{"type":"CRAFT","longDescription":"Be creative when trying to decide what to eat. Take some time looking up the uses for your raw ingredients, there are surpising amounts of different foods to choose from.","items":[{"item":{"id":"harvestcraft:mixingbowlitem"}},{"item":{"id":"harvestcraft:mortarandpestleitem"}},{"item":{"id":"harvestcraft:juiceritem"}},{"item":{"id":"harvestcraft:cuttingboarditem"}}]}],"reward":[{"id":"harvestcraft:potitem"}],"commandrewards":[]},{"uuid":"61e2eafe-0b75-4461-abf0-3a91e1f1d145","name":"Log Entry","description":"When I signed up with the DSS Wanderlust for a 2 year tour exploring unknown space I expected things to be like those old sci-fi shows. Weird planets, strange space anomolies, bizarre aliens, adventure and excitement every day. As it turns out, space exploration is boring. We speed weeks in long jump space going from star to star, which is boring. Then once in a new solar system we spend a month going from planet to planet taking readings and making scans. Which means staring at display screens for hours on end. Tedious as well as boring. Oh, and since I\u0027m the only Ensign on this ship. and therefore the lowest ranked officer, I get stuck doing all the crap jobs no one else wants. I\u0027ve spent more time in a cramped, awkward, hot, smelly hazard suit doing maintenance in the reactor room than any one person should ever be expected to.","x":19,"y":17,"icon":{"id":"minecraft:paper"},"prerequisites":["d95336fd-4275-4498-8104-ef034667770e"],"trigger":"ANTI_TRIGGER","commandrewards":[]},{"uuid":"f6146600-ab5b-4bb7-9b55-020351950be5","name":"Melting Leaves!?","description":"Oddly enough, if you toss leaves into a crucible they will melt down into a little bit of water. No, I\u0027m not sure how that works, either. You don\u0027t get much, but it makes investing in shears early a good idea.","x":225,"y":149,"icon":{"id":"minecraft:leaves","damage":2},"prerequisites":["c1a15e3a-f458-4991-ade9-cceaff661b82","bdb4998f-999a-4cc0-9f37-32c1f20d26dc"],"trigger":"ANTI_TRIGGER","tasks":[{"type":"CONSUME","description":"One Bucket of Water","items":[{"item":{"id":"minecraft:water_bucket"}}]}],"reward":[{"id":"minecraft:bucket"},{"id":"toughasnails:purified_water_bottle"},{"id":"minecraft:sapling"}],"commandrewards":[]},{"uuid":"ad38448c-69c7-44a0-92e0-f2184bd1299c","name":"Night Fright","description":"Ok, there is something seriously wrong with this planet. Are those really skeletons and zombies? And what is up with those exploding green things? Did that tall black monstronsity TELEPORT?! This is bad. Really, REALLY bad. Still, perhaps we can make use of what they leave behind when killed....","x":133,"y":99,"icon":{"id":"minecraft:ender_pearl"},"prerequisites":["349090f2-86b8-4c15-8e00-a7b299d8605a"],"trigger":"ANTI_TRIGGER","tasks":[{"type":"KILL","description":"Cue Heroic Music","mobs":[{"name":"Zombie","icon":{"id":"minecraft:spawn_egg","nbt":"{EntityTag:{id:\"minecraft:zombie\"}}"},"mob":"Zombie","kills":5,"exact":false},{"name":"Skeleton","icon":{"id":"minecraft:spawn_egg","nbt":"{EntityTag:{id:\"minecraft:skeleton\"}}"},"mob":"Skeleton","kills":5,"exact":false},{"name":"Spider","icon":{"id":"minecraft:spawn_egg","nbt":"{EntityTag:{id:\"minecraft:spider\"}}"},"mob":"Spider","kills":5,"exact":false},{"name":"Creeper","icon":{"id":"minecraft:spawn_egg","nbt":"{EntityTag:{id:\"minecraft:creeper\"}}"},"mob":"Creeper","kills":2,"exact":false}]},{"type":"KILL","description":"Almost done!","mobs":[{"name":"Enderman","icon":{"id":"minecraft:spawn_egg","nbt":"{EntityTag:{id:\"minecraft:enderman\"}}"},"mob":"Enderman","kills":1,"exact":false}]}],"reward":[{"id":"minefactoryreloaded:needle_gun_ammo_standard","amount":2},{"id":"harvestcraft:zombiejerkyitem","amount":4},{"id":"minecraft:ender_pearl"}],"rewardchoice":[{"id":"minefactoryreloaded:needle_gun_ammo_anvil"},{"id":"tconstruct:fletching","amount":4,"nbt":"{Material:\"feather\"}"},{"id":"tconstruct:sword_blade","nbt":"{Material:\"copper\"}"}],"commandrewards":[]},{"uuid":"ae6a5bae-b1c5-4e94-9ecf-2f3869da7c9f","name":"Metal Dust","description":"What it lacks in water this place makes up for in metals. We can start getting some serious infrastructure going if you just spend a little time sifting the dust all around.","x":177,"y":141,"icon":{"id":"minecraft:iron_ingot"},"prerequisites":["c1a15e3a-f458-4991-ade9-cceaff661b82"],"tasks":[{"type":"DETECT","description":"Dusts in the Wind","items":[{"item":{"id":"minecraft:iron_ingot"},"required":4},{"item":{"id":"minecraft:gold_ingot"},"required":4},{"item":{"id":"thermalfoundation:material","damage":128},"required":4,"precision":"ORE_DICTIONARY"},{"item":{"id":"thermalfoundation:material","damage":129},"required":4,"precision":"ORE_DICTIONARY"},{"item":{"id":"thermalfoundation:material","damage":131},"required":4,"precision":"ORE_DICTIONARY"},{"item":{"id":"thermalfoundation:material","damage":130},"required":4,"precision":"ORE_DICTIONARY"}]}],"reward":[{"id":"thermalexpansion:capacitor","nbt":"{Energy:1000000}"}],"rewardchoice":[{"id":"appliedenergistics2:chest"},{"id":"simplyjetpacks:metaitemmods","damage":20,"amount":2},{"id":"thermalexpansion:cell","nbt":"{Energy:0,RSControl:0b,Level:0b,Send:1000,SideCache:[B;2B,1B,1B,1B,1B,1B],Facing:3b,Recv:1000}"}],"commandrewards":[]},{"uuid":"fb86bbba-9ed2-4e3c-84ee-5c14afff607f","name":"Iceberg","description":"Ok, you now have snow. Quick, before it melts use it to build a Glacial Precipitator!","x":60,"y":141,"icon":{"id":"minecraft:snowball"},"prerequisites":["b74e3e29-8c2c-40b1-ad39-4d33d95d7cd7"],"tasks":[{"type":"DETECT","description":"Chillin\u0027","longDescription":"A snowball and a water bottle will give you cold water. Useful if you get overheated.","items":[{"item":{"id":"thermalexpansion:machine","damage":14,"nbt":"{Facing:3b,SideCache:[B;1B,1B,2B,2B,2B,2B],RSControl:0b,Energy:0,Level:0b}"},"precision":"NBT_FUZZY"}]}],"reward":[{"id":"toughasnails:purified_water_bottle","amount":4}],"commandrewards":[]},{"uuid":"4778ad8e-263d-4da7-b5f5-c2a756270a75","name":"The Hard Route","description":"Choose this path if you want a challenge. Expect to die. A lot. Note: Choosing this path will disable the Easy Route quest.","x":180,"y":47,"icon":{"id":"minefactoryreloaded:rednet_meter","damage":2},"prerequisites":["1452d644-a0bd-4084-a2dd-7b956fbe2f6a"],"optionlinks":["d4946583-3dab-41a7-84f7-2de8dfd87566"],"tasks":[{"type":"CONSUME","description":"Go Grab a Dust!","longDescription":"If you want an even harder challenge, enable Zombie Awareness. Be aware, however, that it sometimes causes lag. Have fun and try not to die repeatedly!","items":[{"item":{"id":"exnihiloomnia:dust"}}]}],"reward":[{"id":"minecraft:sapling","damage":2},{"id":"minecraft:sapling","damage":1},{"id":"minecraft:dye","damage":15,"amount":8},{"id":"minefactoryreloaded:needle_gun_ammo_standard"}],"commandrewards":[]},{"uuid":"d95336fd-4275-4498-8104-ef034667770e","name":"What Has Gone Before","description":"If you don\u0027t care about the backstory you can ignore this quest safely. (Note: There is no actual item to pick up, just go to the location noted and return)","x":52,"y":44,"icon":{"id":"minecraft:book"},"tasks":[{"type":"LOCATION","description":"Buried in the Dust","longDescription":"You lost your DataTablet in the crash. It contains, among other things, all your personal logs. However, you see something glinting in the sun near the shuttle. Check it out.","locations":[{"name":"Data Tablet","x":-133,"y":74,"z":-201,"dim":0,"radius":3}]},{"type":"LOCATION","description":"Found It!","longDescription":"You managed to rescue your DataTablet from the dust. It is pretty banged up, though. Take it back to the shuttle and see what you can pull off of it.","locations":[{"name":"Shuttle","x":-143,"y":74,"z":-227,"dim":0,"radius":3}]}],"commandrewards":[]},{"uuid":"004ecde2-0281-4ee0-832f-16fbb5de87b7","name":"The Very Basics","description":"As part of my functions, I can replicate needed items if provided with the raw materials. My capacity is limited at this point, so I can\u0027t provide much. Sift some of the dust to get  bonemeal. With that, 1 dust, and a bottle of water I can provide you an essential survival material.","x":134,"y":45,"icon":{"id":"minecraft:dirt"},"prerequisites":["1452d644-a0bd-4084-a2dd-7b956fbe2f6a"],"trigger":"ANTI_TRIGGER","tasks":[{"type":"CONSUME","description":"Creating Dirt","longDescription":"Make sure you plant something in the dirt right away! ","items":[{"item":{"id":"exnihiloomnia:dust"}},{"item":{"id":"minecraft:dye","damage":15}},{"item":{"id":"toughasnails:purified_water_bottle"}}]}],"reward":[{"id":"minecraft:dirt"},{"id":"minecraft:dye","damage":15,"amount":4},{"id":"toughasnails:purified_water_bottle","amount":2}],"commandrewards":[]},{"uuid":"e06b8006-b91b-4072-a16c-6d2c4aa0d355","name":"Blending Ores","description":"Until you get a smeltery going, which could take a while, you need some way to make invar blend. If you don\u0027t mind a bit of manual labor, there is a solution readily available.","x":285,"y":129,"icon":{"id":"appliedenergistics2:grindstone"},"prerequisites":["be6937ee-89b6-4ad6-83e2-6c3ad9557dec"],"tasks":[{"type":"CRAFT","description":"Nose to the Grind Stone","longDescription":"Simply place the ingots you wish to grind in the grind stone, and insert the crank. A few right clicks will soon pulverize the ingots. As a note, when the crank stops and refuses to turn, the process is done. Continuing to right click at this point may break the crank. Also, this process may not be automated.","items":[{"item":{"id":"appliedenergistics2:grindstone"}},{"item":{"id":"appliedenergistics2:crank"}}]},{"type":"CRAFT","description":"Mixing Things Up","longDescription":"So, what do you do with pulverized metal? You mix it together with other metals to make blends. 2 iron and a nickel (only available by sifting gravel and sand) make invar, a gold and a silver make electrum, 3 copper and a tin make Tinker\u0027s alloy, also known as bronze. ","items":[{"item":{"id":"thermalfoundation:material","damage":98}},{"item":{"id":"thermalfoundation:material","damage":99}},{"item":{"id":"thermalfoundation:material","damage":97}}]},{"type":"DETECT","description":"Show Your Work","longDescription":"These blends have many uses. Invar is useful for tools, including shears that have increased durability over the iron variant, weapons, and armor. It is also a central component in many Thermal Expansion recipes, including simple upgrades to portable tanks, leadstone energy cells, flux capacitors, and leadstone energy conduits. Bronze is key to a few Thermal Expansion recipes as well, as well as making decent Tinker\u0027s Construct weapons and tools. Electrum will be useful later as you progress technologically.","items":[{"item":{"id":"thermalexpansion:tank","nbt":"{Creative:0b,Level:1b,RSControl:0b}"}},{"item":{"id":"thermalfoundation:tool.shears_invar"}}]}],"reward":[{"id":"tconstruct:tool_rod","nbt":"{Material:\"bronze\"}"},{"id":"thermalfoundation:material","damage":515,"amount":2}],"commandrewards":[]},{"uuid":"1452d644-a0bd-4084-a2dd-7b956fbe2f6a","name":"Gathering Supplies","description":"Well, that is a mess. Grab what you can from the wreck, and watch out for that detached engine. The core has been breached and the fuel is leaking","x":107,"y":10,"bigicon":true,"icon":{"id":"thermalexpansion:machine","nbt":"{Facing:3b,SideCache:[B;1B,1B,2B,2B,2B,2B],RSControl:0b,Energy:0,Level:0b}"},"tasks":[{"type":"DETECT","longDescription":"Tasks of this type do not have to be handed in, having them in one\u0027s inventory is enough. However, you MUST have all the items at once. Also, that camel pack goes on your chest. Camel packs are filled with water bottles in a crafting grid. You can use a empty bottle to empty one, if you wish","items":[{"item":{"id":"thermalexpansion:machine","damage":8,"nbt":"{Facing:3b,SideCache:[B;3B,1B,2B,2B,2B,2B],RSControl:0b,Energy:0,Level:0b}"},"required":2,"precision":"NBT_FUZZY"}]}],"reward":[{"id":"toughasnails:purified_water_bottle","amount":4},{"id":"toughasnails:jelled_slime_chestplate"}],"commandrewards":[]},{"uuid":"d8a7b0e5-018e-49f6-ad80-2f51b2fb7964","name":"Even More Desperate","description":"Well, zombie jerky on its own probably isn\u0027t enough. If you are in dire enough straits almost anything looks edible.","x":285,"y":11,"icon":{"id":"contenttweaker:cooked_silkworm"},"prerequisites":["56547554-7afc-48ac-afb9-e937518ef7d0"],"trigger":"ANTI_TRIGGER","tasks":[{"type":"DETECT","description":"Eating worms","longDescription":"Don\u0027t forget you can craft a frying pan out of bones. Don\u0027t ask me how that works. The silk worms come from hitting leaves with a crook. Right click the ground with your frying pan and drop in the worms and fuel of some sort.","items":[{"item":{"id":"contenttweaker:cooked_silkworm"}}]}],"reward":[{"id":"harvestcraft:riceseeditem"}],"commandrewards":[]},{"uuid":"c1a15e3a-f458-4991-ade9-cceaff661b82","name":"Even Hotter","description":"With a furnace up, you can now take your next step. Look by the port engine, the one not currently on fire. Apparently the water reclamation leaked a little and has turned some of the dust to clay. Dig it up and make a crucible. Stick a torch under that and not only can you melt cobble to lava but you can smelt ore dust to ingots, if you provide it with a faucet and a casting table or basin.","x":225,"y":119,"icon":{"id":"exnihiloomnia:crucible"},"prerequisites":["be6937ee-89b6-4ad6-83e2-6c3ad9557dec"],"tasks":[{"type":"CRAFT","description":"Warming Things Up","longDescription":"You can use the crucible like a mini-smeltery. Shift-right click to place a faucet. It only takes blocks, not dusts or broken pieces of ore. If you\u0027ve saved the pyrotheum by the broken engine, you can use that to heat your crucible. Also, you can make casts by pouring gold over stone parts. ","items":[{"item":{"id":"exnihiloomnia:raw_crucible"}},{"item":{"id":"claybucket:unfiredclaybucket"}}]}],"reward":[{"id":"tconstruct:faucet"},{"id":"tconstruct:casting"},{"id":"tconstruct:materials","amount":8}],"rewardchoice":[{"id":"tconstruct:cast","nbt":"{PartType:\"tconstruct:sword_blade\"}"},{"id":"tconstruct:cast","nbt":"{PartType:\"tconstruct:pick_head\"}"},{"id":"tconstruct:cast_custom"}],"commandrewards":[]},{"uuid":"d4946583-3dab-41a7-84f7-2de8dfd87566","name":"The Easy Route","description":"For a kinder, gentler experience, this is the way to go. Note: Choosing this path disables the Hard Route quest.","x":194,"y":25,"icon":{"id":"minefactoryreloaded:rednet_meter","damage":2},"prerequisites":["1452d644-a0bd-4084-a2dd-7b956fbe2f6a"],"tasks":[{"type":"CONSUME","description":"Go Grab a Dust!","longDescription":"If you want an even easier experience, disable the Special Mobs mod. Have fun and try not to get too discouraged if you die a few times at first!","items":[{"item":{"id":"exnihiloomnia:dust"}}]}],"reward":[{"id":"minecraft:sapling"},{"id":"minecraft:sapling","damage":2},{"id":"minefactoryreloaded:needle_gun_ammo_standard","amount":4},{"id":"minecraft:dye","damage":15,"amount":64},{"id":"harvestcraft:pbandjitem","amount":2},{"id":"sync:item_shell_constructor"},{"id":"thermalexpansion:cell","nbt":"{Energy:405000,RSControl:0b,Level:0b,Send:1000,SideCache:[B;2B,1B,1B,1B,1B,1B],Facing:3b,Recv:1000}"}],"commandrewards":[]},{"uuid":"b74e3e29-8c2c-40b1-ad39-4d33d95d7cd7","name":"Getting Chilly","description":"You may have noticed it is more than a little warm on this planet. Before your brain fries let\u0027s set up a way for you to cool down. Provide me with enough power and some water and I can provide you a way to chill water to beat the heat. Don\u0027t lose this reward! You only get one shot!","x":60,"y":104,"icon":{"id":"minecraft:snow"},"prerequisites":["452a0b37-bfed-4573-bc07-8bcee4f50e70","a27564cf-a20c-482b-a50a-b4eba363d3d7"],"tasks":[{"type":"CONSUME","description":"Recharge","longDescription":"Water on its own cools you by 0.05 degrees, and maxes out at 37 degrees. Cold water cools you by 0.1 degrees and will give you hypothermia if you drink too much of it.","items":[{"item":{"id":"thermalexpansion:capacitor","nbt":"{Energy:1000000}"},"precision":"NBT_FUZZY"},{"item":{"id":"toughasnails:purified_water_bottle"},"required":4}]}],"reward":[{"id":"minecraft:snow","amount":2},{"id":"minecraft:iron_ingot","amount":8}],"commandrewards":[]},{"uuid":"fd1b01ad-ba82-4496-b5d8-583d432c6c91","name":"Log Entry","description":"Things have gone from bad to worse. To call what happened a hull breach would be a gross understatement. I still have no idea what we hit, but there is a 5 meter diameter hole torn through the bridge and then halfway through the ship. All primary controls are literally gone. The ship\u0027s computer is offline. Secondary controls and the back up computer in engineering are mostly working, but it doesn\u0027t matter. The structural damage means that using the in system drive would tear the Wanderlust to pieces. And she is too close to the planet to use the long jump drive. Communications are out, I\u0027ve sent an emergency beacon, but that could take months or years before help arrives. I don\u0027t have it. The Wanderlust\u0027s orbit is decaying and the attitude controls won\u0027t respond. In a week, maybe less, she will enter the atmosphere and burn up. I\u0027ve loaded what survival gear I could onto the shuttle and I will be taking my chances on the planet below. I just hope the shuttle hasn\u0027t been damaged.","x":19,"y":102,"icon":{"id":"minecraft:paper"},"prerequisites":["d95336fd-4275-4498-8104-ef034667770e"],"trigger":"ANTI_TRIGGER","commandrewards":[]},{"uuid":"7c3c9d1c-518b-436b-8f4a-c2e55c6beff8","name":"Ramping up","description":"We need a stable power source and I believe the reactant dynamo provides a perfect solution. Build a dark place to trap those monsters that roam the night, feed them to a grinder, and pipe the results into the dynamo. Should be good enough to run quite a few machines I think.","x":95,"y":192,"icon":{"id":"thermalexpansion:dynamo","damage":4,"nbt":"{Facing:1b,RSControl:0b,Energy:0,Level:0b}"},"prerequisites":["a27564cf-a20c-482b-a50a-b4eba363d3d7","0347cc4b-8a7b-4ae1-ae01-e5157032d8cc"],"tasks":[{"type":"CRAFT","description":"Daily Grind","longDescription":"1 grinder will provide enough mob essence and gunpowder for 2 possibly 3 reactant dynamos. Keep an eye on your power and add more if you need to.","items":[{"item":{"id":"minefactoryreloaded:machine_0","damage":13},"precision":"NBT_FUZZY"},{"item":{"id":"thermalexpansion:dynamo","damage":3,"nbt":"{Facing:1b,RSControl:0b,Energy:0,Level:0b}"},"precision":"NBT_FUZZY"}]}],"reward":[{"id":"forge:bucketfilled","nbt":"{FluidName:\"mob_essence\",Amount:1000}"},{"id":"minecraft:gunpowder","amount":4},{"id":"minefactoryreloaded:conveyor","damage":16,"amount":16}],"commandrewards":[]},{"uuid":"0347cc4b-8a7b-4ae1-ae01-e5157032d8cc","name":"Unnamed","x":181,"y":172,"icon":{"id":"thermaldynamics:duct_16","damage":1},"prerequisites":["ae6a5bae-b1c5-4e94-9ecf-2f3869da7c9f"],"tasks":[{"type":"CRAFT","items":[{"item":{"id":"thermaldynamics:duct_16","damage":1}},{"item":{"id":"thermaldynamics:duct_32","damage":1}},{"item":{"id":"thermaldynamics:duct_0"}}]}],"reward":[{"id":"thermalexpansion:tank","nbt":"{RSControl:0b,Level:0b}"},{"id":"ironchest:iron_chest"},{"id":"thermalexpansion:capacitor","nbt":"{Energy:1000000}"}],"commandrewards":[]},{"uuid":"349090f2-86b8-4c15-8e00-a7b299d8605a","name":"Tools of the Trade","description":"To survive out here, you will need some basic tools, a weapon and some protection from attack.","x":193,"y":74,"icon":{"id":"exnihiloomnia:wooden_crook"},"prerequisites":["004ecde2-0281-4ee0-832f-16fbb5de87b7"],"tasks":[{"type":"DETECT","description":"Tools","longDescription":"I suggest making a mattock out of the shovel and axe heads. Also, don\u0027t forget you can make hammers out of metal if you have excess ingots. ","items":[{"item":{"id":"exnihiloomnia:stone_hammer"}},{"item":{"id":"exnihiloomnia:bone_crook"}},{"item":{"id":"tconstruct:shovel_head","nbt":"{Material:\"bone\"}"},"precision":"NBT_FUZZY"},{"item":{"id":"tconstruct:axe_head","nbt":"{Material:\"bone\"}"},"precision":"NBT_FUZZY"}]},{"type":"DETECT","description":"Weapons","longDescription":"Knives can be thrown, if necessary. As such, you might want to make multiples, just in case. They are fairly cheap.","items":[{"item":{"id":"tconstruct:knife_blade","nbt":"{Material:\"bone\"}"}},{"item":{"id":"tconstruct:cross_guard","nbt":"{Material:\"bone\"}"}}]},{"type":"CRAFT","description":"Armor","longDescription":"Careful! Armor can effect your temperature. Metal armor tends to be hot during the day and cold at night. Leather and wood armor just add a little heat no matter the time. The best armors can help you stay cool in the heat and warm in the cold. Experiment, cautiously.","items":[]}],"rewardchoice":[{"id":"tconstruct:axe_head","nbt":"{Material:\"bronze\"}"},{"id":"tconstruct:arrow_head","amount":8,"nbt":"{Material:\"obsidian\"}"}],"commandrewards":[]}],"reputationBar":[]}