{"name":"Under Pressure","description":"Pneumaticcraft is the backbone of almost every bit of technology you will build. Time to learn how to use it.","quests":[{"uuid":"0d772845-c7ff-42df-8500-b2e7c5039819","name":"Exploding Iron","description":"Not that your immediate needs are taken care of, it is time to start building the technology you will need to survive here for the long term. To that end, you will need a new form of metal.","x":139,"y":12,"icon":{"id":"pneumaticcraft:ingot_iron_compressed"},"prerequisites":["ae6a5bae-b1c5-4e94-9ecf-2f3869da7c9f"],"tasks":[{"type":"DETECT","description":"1st step","longDescription":"This is simple, just go smelt some ore into iron ingots.","items":[{"item":{"id":"minecraft:iron_ingot"},"required":8}]},{"type":"CRAFT","description":"2nd Step","longDescription":"Next up, you will need some TNT. You should have plenty of gunpowder by now, and you can hammer cobblestone into gravel and then hammer that to get the sand you need.","items":[{"item":{"id":"minecraft:tnt"}}]},{"type":"DETECT","description":"3rd Step","longDescription":"I suggest going a little away from your base for this one. Dig a hole, drop the iron in it, place the TNT next to the iron, ignite the TNT and then stand back. When the smoke clears you shold see you now have some compressed iron. Unfortunately, some of the iron is lost. Don\u0027t worry, there will be a better way to do this later.","items":[{"item":{"id":"pneumaticcraft:ingot_iron_compressed"}}]}],"reward":[{"id":"pneumaticcraft:ingot_iron_compressed","amount":16}],"commandrewards":[]}],"reputationBar":[]}