{
    "input": {
        "item": "minecraft:gravel",
        "data": 0
    },
    "time": 20,
    "rewards": [
        {
            "item": "minecraft:flint",
            "chance": 0.25,
            "type": "resource"
        },
        {
            "item": "exnihiloomnia:ore_iron_chunk",
            "chance": 0.25,
            "type": "ores"
        },
        {
            "item": "exnihiloomnia:ore_tin_chunk",
            "chance": 0.14,
            "type": "ores"
        },
        {
            "item": "exnihiloomnia:ore_copper_chunk",
            "chance": 0.14,
            "type": "ores"
        },
        {
            "item": "minecraft:coal",
            "chance": 0.13,
            "type": "ores"
        },
        {
            "item": "exnihiloomnia:ore_lead_chunk",
            "chance": 0.11,
            "type": "ores"
        },
        {
            "item": "exnihiloomnia:ore_aluminum_chunk",
            "chance": 0.10,
            "type": "ores"
        },
        {
            "item": "exnihiloomnia:ore_gold_chunk",
            "chance": 0.09,
            "type": "ores"
        },
        {
            "item": "exnihiloomnia:ore_silver_chunk",
            "chance": 0.09,
            "type": "ores"
        },
        {
            "item": "exnihiloomnia:ore_nickel_chunk",
            "chance": 0.09,
            "type": "ores"
        },
        {
            "item": "minecraft:dye",
            "data": 4,
            "chance": 0.05,
            "type": "resource"
        },
        {
            "item": "exnihiloomnia:ore_platinum_chunk",
            "chance": 0.03,
            "type": "ores"
        },
        {
            "item": "minecraft:diamond",
            "chance": 0.01,
            "type": "ores"
        },
        {
            "item": "minecraft:emerald",
            "chance": 0.01,
            "type": "ores"
        }
    ]
}
